{
  "description" : "<h2>What Makes it Great<\/h2>\n<p class=\"top\">The <b>Great Ocean Walk<\/b> is one of Australia’s premier hikes and is increasingly on many people’s ‘must-do’ list. Located in the province of Victoria about 200 km \/ 124 mi southwest of <b>Melbourne<\/b>, the trail meanders along Australia’s rugged southern coast for approximately 100 km \/ 62 mi from the tourist town of <b>Apollo Bay<\/b> to the iconic <b>Twelve Apostles<\/b> landforms near the town of <b>Port Campbell<\/b>. <\/p>\n\n<p>The walk can be done as a through-hike or as a series of day-hikes (the trail passes many car parks along the way). There are eco-friendly campgrounds available (advance booking required) or you can stay at one of the many guesthouses in the region and use pick-up \/ drop-off services to get you back and forth to the trail. <\/p>\n\n<p>Typically done over 8 days and following well-maintained paths, there is nicely varying terrain ranging from dramatic clifftops to long sandy beaches to enveloping jungle. Lots of wildlife can be seen including kangaroos, koalas, wombats, and, in season, whales. There are a wide variety of birds, too, including the kukkaburra with its distinctive and occasionally startling ‘laugh’. <\/p>\n\n\n<h2>Characteristics<\/h2>\n<p class=\"top\">This is a hike-only trail. It is easy-to-moderate in difficulty (generally getting more difficult as you progress), and is well-signposted. It is a wilderness trail (though never all that far from a road) and is occasionally rugged. The trail is well maintained with good footing. It is a uni-directional trail that is only done westward. Water is generally not a problem &mdash; there are untreated rainwater tanks at most of the campgrounds, though water availability is not guaranteed.<\/p>\n\n\n<h2>What's Included in this Dataset<\/h2>\n<p class=\"top\">This trail dataset is detailed and in-depth. Under our usual classification system, we consider it a <i>Level 4 In-Depth Dataset<\/i>. It provides detailed coverage of the entire trail, including: <\/p>\n\n<ul>\n<li>GPS tracks showing the main trail as well as alternative beach paths and some optional side trips. <\/li>\n<li>Walking directions with distance markers.<\/li>\n<li>Close to 200 geo-located points of interest, including waypoints with clear, useful notes.<\/li>\n<li>Descriptions of each trail section.<\/li>\n<li>Available campgrounds.<\/li>\n<li>Descriptions of attractions.<\/li>\n<li>Links to handy online resources for learning more about the trail.<\/li>\n<\/ul>\n\n<p>We’re starting to add entries for non-campground accommodation in the region as well as F & B options in the communities. If you have suggestions about anything else we should include, let us know.<\/p>\n",
  "ver_minor" : "19",
  "author" : "The Trekopedia Team",
  "last_updated" : "2017-06-02",
  "data_model" : "24",
  "coverage" : "118615",
  "app_version" : "3.0",
  "reference_id" : "GOW",
  "type" : "Level 4 (In-Depth)",
  "keywords" : "Hike, Moderate Difficulty, Wilderness \/ Backcountry, Day Trip Options, Signposted, Camping Optional",
  "region" : "Australia",
  "ver_major" : "1",
  "trails" : "27",
  "items" : "248",
  "name" : "Great Ocean Walk, Australia"
}