{
  "active_route" : {
    "context" : "",
    "favorite" : false,
    "finish" : {
      "id" : 1223,
      "name" : "Santiago de Compostela"
    },
    "name" : "Test",
    "notes" : [

    ],
    "route_description" : "",
    "stages" : [
      {
        "is_default" : false,
        "items" : [
          {
            "distance" : 0,
            "order" : 100,
            "reference" : {
              "id" : 4185,
              "name" : "Valcarlos - Roncesvalles"
            },
            "reverted" : false,
            "title" : "Valcarlos - Roncesvalles"
          },
          {
            "distance" : 0,
            "order" : 200,
            "reference" : {
              "id" : 4199,
              "name" : "Roncesvalles - Burguete"
            },
            "reverted" : false,
            "title" : "Roncesvalles - Burguete"
          },
          {
            "distance" : 0,
            "order" : 300,
            "reference" : {
              "id" : 4197,
              "name" : "Burguete - Espinal"
            },
            "reverted" : false,
            "title" : "Burguete - Espinal"
          },
          {
            "distance" : 0,
            "order" : 400,
            "reference" : {
              "id" : 4195,
              "name" : "Espinal - Viscarret\/Gerendiain"
            },
            "reverted" : false,
            "title" : "Espinal - Viscarret\/Gerendiain"
          }
        ],
        "name" : "",
        "number" : 1,
        "order" : 100000
      },
      {
        "is_default" : false,
        "items" : [
          {
            "distance" : 0,
            "order" : 500,
            "reference" : {
              "id" : 4196,
              "name" : "Viscarret \/ Gerendiain - Lintzoáin"
            },
            "reverted" : false,
            "title" : "Viscarret \/ Gerendiain - Lintzoáin"
          },
          {
            "distance" : 0,
            "order" : 600,
            "reference" : {
              "id" : 4198,
              "name" : "Lintzoáin - Zubiri"
            },
            "reverted" : false,
            "title" : "Lintzoáin - Zubiri"
          },
          {
            "distance" : 0,
            "order" : 700,
            "reference" : {
              "id" : 4200,
              "name" : "Zubiri - Larrasoaña"
            },
            "reverted" : false,
            "title" : "Zubiri - Larrasoaña"
          },
          {
            "distance" : 0,
            "order" : 800,
            "reference" : {
              "id" : 4201,
              "name" : "Larrasoaña - Trinidad de Arre"
            },
            "reverted" : false,
            "title" : "Larrasoaña - Trinidad de Arre"
          }
        ],
        "name" : "",
        "number" : 2,
        "order" : 200000
      },
      {
        "is_default" : false,
        "items" : [
          {
            "distance" : 0,
            "order" : 900,
            "reference" : {
              "id" : 4202,
              "name" : "Trinidad de Arre - Pamplona"
            },
            "reverted" : false,
            "title" : "Trinidad de Arre - Pamplona"
          },
          {
            "distance" : 0,
            "order" : 1000,
            "reference" : {
              "id" : 4203,
              "name" : "Pamplona - Cizur Menor"
            },
            "reverted" : false,
            "title" : "Pamplona - Cizur Menor"
          },
          {
            "distance" : 0,
            "order" : 1100,
            "reference" : {
              "id" : 4204,
              "name" : "Cizur Menor - Zariquiegui"
            },
            "reverted" : false,
            "title" : "Cizur Menor - Zariquiegui"
          },
          {
            "distance" : 0,
            "order" : 1200,
            "reference" : {
              "id" : 4205,
              "name" : "Zariquiegui - Uterga"
            },
            "reverted" : false,
            "title" : "Zariquiegui - Uterga"
          }
        ],
        "name" : "",
        "number" : 3,
        "order" : 300000
      },
      {
        "is_default" : false,
        "items" : [
          {
            "distance" : 0,
            "order" : 1300,
            "reference" : {
              "id" : 4206,
              "name" : "Uterga - Obanos"
            },
            "reverted" : false,
            "title" : "Uterga - Obanos"
          },
          {
            "distance" : 0,
            "order" : 1400,
            "reference" : {
              "id" : 4208,
              "name" : "Obanos - Puente la Reina"
            },
            "reverted" : false,
            "title" : "Obanos - Puente la Reina"
          },
          {
            "distance" : 0,
            "order" : 1500,
            "reference" : {
              "id" : 4215,
              "name" : "Puente la Reina - Mañeru"
            },
            "reverted" : false,
            "title" : "Puente la Reina - Mañeru"
          },
          {
            "distance" : 0,
            "order" : 1600,
            "reference" : {
              "id" : 4216,
              "name" : "Mañeru - Cirauqui"
            },
            "reverted" : false,
            "title" : "Mañeru - Cirauqui"
          },
          {
            "distance" : 0,
            "order" : 1700,
            "reference" : {
              "id" : 4217,
              "name" : "Cirauqui - Lorca"
            },
            "reverted" : false,
            "title" : "Cirauqui - Lorca"
          }
        ],
        "name" : "",
        "number" : 4,
        "order" : 400000
      },
      {
        "is_default" : false,
        "items" : [
          {
            "distance" : 0,
            "order" : 1800,
            "reference" : {
              "id" : 4214,
              "name" : "Lorca - Villatuerta"
            },
            "reverted" : false,
            "title" : "Lorca - Villatuerta"
          },
          {
            "distance" : 0,
            "order" : 1900,
            "reference" : {
              "id" : 4218,
              "name" : "Villatuerta - Estella"
            },
            "reverted" : false,
            "title" : "Villatuerta - Estella"
          },
          {
            "distance" : 0,
            "order" : 2000,
            "reference" : {
              "id" : 4213,
              "name" : "Estella - Ayegui"
            },
            "reverted" : false,
            "title" : "Estella - Ayegui"
          },
          {
            "distance" : 0,
            "order" : 2100,
            "reference" : {
              "id" : 4236,
              "name" : "Ayegui - Irache"
            },
            "reverted" : false,
            "title" : "Ayegui - Irache"
          },
          {
            "distance" : 0,
            "order" : 2200,
            "reference" : {
              "id" : 4235,
              "name" : "Irache - Villamayor de Monjardín"
            },
            "reverted" : false,
            "title" : "Irache - Villamayor de Monjardín"
          },
          {
            "distance" : 0,
            "order" : 2300,
            "reference" : {
              "id" : 4239,
              "name" : "Villamayor de Monjardín - Los Arcos"
            },
            "reverted" : false,
            "title" : "Villamayor de Monjardín - Los Arcos"
          }
        ],
        "name" : "",
        "number" : 5,
        "order" : 500000
      },
      {
        "is_default" : false,
        "items" : [
          {
            "distance" : 0,
            "order" : 2400,
            "reference" : {
              "id" : 4240,
              "name" : "Los Arcos - Sansol"
            },
            "reverted" : false,
            "title" : "Los Arcos - Sansol"
          },
          {
            "distance" : 0,
            "order" : 2500,
            "reference" : {
              "id" : 4241,
              "name" : "Sansol - Torres del Rio"
            },
            "reverted" : false,
            "title" : "Sansol - Torres del Rio"
          },
          {
            "distance" : 0,
            "order" : 2600,
            "reference" : {
              "id" : 4242,
              "name" : "Torres del Río - Viana"
            },
            "reverted" : false,
            "title" : "Torres del Río - Viana"
          },
          {
            "distance" : 0,
            "order" : 2700,
            "reference" : {
              "id" : 4233,
              "name" : "Viana - Logroño"
            },
            "reverted" : false,
            "title" : "Viana - Logroño"
          }
        ],
        "name" : "",
        "number" : 6,
        "order" : 600000
      },
      {
        "is_default" : false,
        "items" : [
          {
            "distance" : 0,
            "order" : 2800,
            "reference" : {
              "id" : 4234,
              "name" : "Logroño - Navarrete"
            },
            "reverted" : false,
            "title" : "Logroño - Navarrete"
          },
          {
            "distance" : 0,
            "order" : 2900,
            "reference" : {
              "id" : 4232,
              "name" : "Navarrete - Ventosa"
            },
            "reverted" : false,
            "title" : "Navarrete - Ventosa"
          },
          {
            "distance" : 0,
            "order" : 3000,
            "reference" : {
              "id" : 4229,
              "name" : "Ventosa - Nájera"
            },
            "reverted" : false,
            "title" : "Ventosa - Nájera"
          }
        ],
        "name" : "",
        "number" : 7,
        "order" : 700000
      },
      {
        "is_default" : false,
        "items" : [
          {
            "distance" : 0,
            "order" : 3100,
            "reference" : {
              "id" : 4228,
              "name" : "Nájera - Azofra"
            },
            "reverted" : false,
            "title" : "Nájera - Azofra"
          },
          {
            "distance" : 0,
            "order" : 3200,
            "reference" : {
              "id" : 4226,
              "name" : "Azofra - Cirueña"
            },
            "reverted" : false,
            "title" : "Azofra - Cirueña"
          },
          {
            "distance" : 0,
            "order" : 3300,
            "reference" : {
              "id" : 4225,
              "name" : "Cirueña - Santo Domingo"
            },
            "reverted" : false,
            "title" : "Cirueña - Santo Domingo"
          }
        ],
        "name" : "",
        "number" : 8,
        "order" : 800000
      },
      {
        "is_default" : false,
        "items" : [
          {
            "distance" : 0,
            "order" : 3400,
            "reference" : {
              "id" : 4224,
              "name" : "Santo Domingo - Grañón"
            },
            "reverted" : false,
            "title" : "Santo Domingo - Grañón"
          },
          {
            "distance" : 0,
            "order" : 3500,
            "reference" : {
              "id" : 4227,
              "name" : "Grañón - Redecilla del Camino"
            },
            "reverted" : false,
            "title" : "Grañón - Redecilla del Camino"
          },
          {
            "distance" : 0,
            "order" : 3600,
            "reference" : {
              "id" : 4243,
              "name" : "Redecilla del Camino - Castildelgado"
            },
            "reverted" : false,
            "title" : "Redecilla del Camino - Castildelgado"
          },
          {
            "distance" : 0,
            "order" : 3700,
            "reference" : {
              "id" : 4244,
              "name" : "Castildelgado - Viloria de Rioja"
            },
            "reverted" : false,
            "title" : "Castildelgado - Viloria de Rioja"
          },
          {
            "distance" : 0,
            "order" : 3800,
            "reference" : {
              "id" : 4245,
              "name" : "Viloria de Rioja - Villamayor del Rio"
            },
            "reverted" : false,
            "title" : "Viloria de Rioja - Villamayor del Rio"
          },
          {
            "distance" : 0,
            "order" : 3900,
            "reference" : {
              "id" : 4246,
              "name" : "Villamayor del Rio - Belorado"
            },
            "reverted" : false,
            "title" : "Villamayor del Rio - Belorado"
          }
        ],
        "name" : "",
        "number" : 9,
        "order" : 900000
      },
      {
        "is_default" : false,
        "items" : [
          {
            "distance" : 0,
            "order" : 4000,
            "reference" : {
              "id" : 4263,
              "name" : "Belorado - Tosantos"
            },
            "reverted" : false,
            "title" : "Belorado - Tosantos"
          },
          {
            "distance" : 0,
            "order" : 4100,
            "reference" : {
              "id" : 4260,
              "name" : "Tosantos - Villambistia"
            },
            "reverted" : false,
            "title" : "Tosantos - Villambistia"
          },
          {
            "distance" : 0,
            "order" : 4200,
            "reference" : {
              "id" : 4259,
              "name" : "Villambistia - Espinosa del Camino"
            },
            "reverted" : false,
            "title" : "Villambistia - Espinosa del Camino"
          },
          {
            "distance" : 0,
            "order" : 4300,
            "reference" : {
              "id" : 4258,
              "name" : "Espinosa del Camino - Villafranca Montes de Oca"
            },
            "reverted" : false,
            "title" : "Espinosa del Camino - Villafranca Montes de Oca"
          },
          {
            "distance" : 0,
            "order" : 4400,
            "reference" : {
              "id" : 4257,
              "name" : "Villafranca Montes de Oca - San Juan de Ortega"
            },
            "reverted" : false,
            "title" : "Villafranca Montes de Oca - San Juan de Ortega"
          }
        ],
        "name" : "",
        "number" : 10,
        "order" : 1000000
      },
      {
        "is_default" : false,
        "items" : [
          {
            "distance" : 0,
            "order" : 4500,
            "reference" : {
              "id" : 4261,
              "name" : "San Juan de Ortega - Agés"
            },
            "reverted" : false,
            "title" : "San Juan de Ortega - Agés"
          },
          {
            "distance" : 0,
            "order" : 4600,
            "reference" : {
              "id" : 4262,
              "name" : "Agés - Atapuerca"
            },
            "reverted" : false,
            "title" : "Agés - Atapuerca"
          },
          {
            "distance" : 0,
            "order" : 4700,
            "reference" : {
              "id" : 4192,
              "name" : "Atapuerca - Villalval"
            },
            "reverted" : false,
            "title" : "Atapuerca - Villalval"
          },
          {
            "distance" : 0,
            "order" : 4800,
            "reference" : {
              "id" : 4193,
              "name" : "Villalval - Burgos"
            },
            "reverted" : false,
            "title" : "Villalval - Burgos"
          }
        ],
        "name" : "",
        "number" : 11,
        "order" : 1100000
      },
      {
        "is_default" : false,
        "items" : [
          {
            "distance" : 0,
            "order" : 4900,
            "reference" : {
              "id" : 4187,
              "name" : "Burgos - Tardajos"
            },
            "reverted" : false,
            "title" : "Burgos - Tardajos"
          },
          {
            "distance" : 0,
            "order" : 5000,
            "reference" : {
              "id" : 4188,
              "name" : "Tardajos - Rabé de las Calzadas"
            },
            "reverted" : false,
            "title" : "Tardajos - Rabé de las Calzadas"
          },
          {
            "distance" : 0,
            "order" : 5100,
            "reference" : {
              "id" : 4210,
              "name" : "Rabé de las Calzadas - Hornillos del Camino"
            },
            "reverted" : false,
            "title" : "Rabé de las Calzadas - Hornillos del Camino"
          }
        ],
        "name" : "",
        "number" : 12,
        "order" : 1200000
      },
      {
        "is_default" : false,
        "items" : [
          {
            "distance" : 0,
            "order" : 5200,
            "reference" : {
              "id" : 4211,
              "name" : "Hornillos del Camino - Hontanas"
            },
            "reverted" : false,
            "title" : "Hornillos del Camino - Hontanas"
          },
          {
            "distance" : 0,
            "order" : 5300,
            "reference" : {
              "id" : 4212,
              "name" : "Hontanas - Convento de San Anton"
            },
            "reverted" : false,
            "title" : "Hontanas - Convento de San Anton"
          },
          {
            "distance" : 0,
            "order" : 5400,
            "reference" : {
              "id" : 4194,
              "name" : "Convento de San Anton - Castrojeriz"
            },
            "reverted" : false,
            "title" : "Convento de San Anton - Castrojeriz"
          },
          {
            "distance" : 0,
            "order" : 5500,
            "reference" : {
              "id" : 4219,
              "name" : "Castrojeriz - Ermita de San Nicolás"
            },
            "reverted" : false,
            "title" : "Castrojeriz - Ermita de San Nicolás"
          }
        ],
        "name" : "",
        "number" : 13,
        "order" : 1300000
      },
      {
        "is_default" : false,
        "items" : [
          {
            "distance" : 0,
            "order" : 5600,
            "reference" : {
              "id" : 4220,
              "name" : "Ermita de San Nicolás - Itero de la Vega"
            },
            "reverted" : false,
            "title" : "Ermita de San Nicolás - Itero de la Vega"
          },
          {
            "distance" : 0,
            "order" : 5700,
            "reference" : {
              "id" : 4221,
              "name" : "Itero de la Vega - Boadilla del Camino"
            },
            "reverted" : false,
            "title" : "Itero de la Vega - Boadilla del Camino"
          },
          {
            "distance" : 0,
            "order" : 5800,
            "reference" : {
              "id" : 4223,
              "name" : "Boadilla del Camino - Frómista"
            },
            "reverted" : false,
            "title" : "Boadilla del Camino - Frómista"
          },
          {
            "distance" : 0,
            "order" : 5900,
            "reference" : {
              "id" : 4247,
              "name" : "Frómista - Población de Campos"
            },
            "reverted" : false,
            "title" : "Frómista - Población de Campos"
          },
          {
            "distance" : 0,
            "order" : 6000,
            "reference" : {
              "id" : 4249,
              "name" : "Población de Campos - Villarmentero de Campos"
            },
            "reverted" : false,
            "title" : "Población de Campos - Villarmentero de Campos"
          }
        ],
        "name" : "",
        "number" : 14,
        "order" : 1400000
      },
      {
        "is_default" : false,
        "items" : [
          {
            "distance" : 0,
            "order" : 6100,
            "reference" : {
              "id" : 4250,
              "name" : "Villarmentero de Campos - Villalcázar de Sirga"
            },
            "reverted" : false,
            "title" : "Villarmentero de Campos - Villalcázar de Sirga"
          },
          {
            "distance" : 0,
            "order" : 6200,
            "reference" : {
              "id" : 4252,
              "name" : "Villalcázar de Sirga - Carrión de los Condes"
            },
            "reverted" : false,
            "title" : "Villalcázar de Sirga - Carrión de los Condes"
          },
          {
            "distance" : 0,
            "order" : 6300,
            "reference" : {
              "id" : 4253,
              "name" : "Carrión de los Condes - Calzadilla de la Cueza"
            },
            "reverted" : false,
            "title" : "Carrión de los Condes - Calzadilla de la Cueza"
          }
        ],
        "name" : "",
        "number" : 15,
        "order" : 1500000
      },
      {
        "is_default" : false,
        "items" : [
          {
            "distance" : 0,
            "order" : 6400,
            "reference" : {
              "id" : 4222,
              "name" : "Calzadilla de la Cueza - Ledigos"
            },
            "reverted" : false,
            "title" : "Calzadilla de la Cueza - Ledigos"
          },
          {
            "distance" : 0,
            "order" : 6500,
            "reference" : {
              "id" : 4254,
              "name" : "Ledigos - Terradillos de los Templarios"
            },
            "reverted" : false,
            "title" : "Ledigos - Terradillos de los Templarios"
          },
          {
            "distance" : 0,
            "order" : 6600,
            "reference" : {
              "id" : 4190,
              "name" : "Terradillos de los Templarios - Moratinos"
            },
            "reverted" : false,
            "title" : "Terradillos de los Templarios - Moratinos"
          },
          {
            "distance" : 0,
            "order" : 6700,
            "reference" : {
              "id" : 4191,
              "name" : "Moratinos - San Nicolás del Real Camino"
            },
            "reverted" : false,
            "title" : "Moratinos - San Nicolás del Real Camino"
          },
          {
            "distance" : 0,
            "order" : 6800,
            "reference" : {
              "id" : 4189,
              "name" : "San Nicolás del Real Camino - Sahagún"
            },
            "reverted" : false,
            "title" : "San Nicolás del Real Camino - Sahagún"
          }
        ],
        "name" : "",
        "number" : 16,
        "order" : 1600000
      },
      {
        "is_default" : false,
        "items" : [
          {
            "distance" : 0,
            "order" : 6900,
            "reference" : {
              "id" : 4255,
              "name" : "Sahagún - Bercianos del Real Camino"
            },
            "reverted" : false,
            "title" : "Sahagún - Bercianos del Real Camino"
          },
          {
            "distance" : 0,
            "order" : 7000,
            "reference" : {
              "id" : 4306,
              "name" : "Bercianos del Real Camino - El Burgo Ranero"
            },
            "reverted" : false,
            "title" : "Bercianos del Real Camino - El Burgo Ranero"
          },
          {
            "distance" : 0,
            "order" : 7100,
            "reference" : {
              "id" : 4303,
              "name" : "El Burgo Ranero - Reliegos"
            },
            "reverted" : false,
            "title" : "El Burgo Ranero - Reliegos"
          }
        ],
        "name" : "",
        "number" : 17,
        "order" : 1700000
      },
      {
        "is_default" : false,
        "items" : [
          {
            "distance" : 0,
            "order" : 7200,
            "reference" : {
              "id" : 4299,
              "name" : "Reliegos - Mansilla de las Mulas"
            },
            "reverted" : false,
            "title" : "Reliegos - Mansilla de las Mulas"
          },
          {
            "distance" : 0,
            "order" : 7300,
            "reference" : {
              "id" : 4298,
              "name" : "Mansilla de las Mulas - Puente Villarente"
            },
            "reverted" : false,
            "title" : "Mansilla de las Mulas - Puente Villarente"
          },
          {
            "distance" : 0,
            "order" : 7400,
            "reference" : {
              "id" : 4297,
              "name" : "Puente Villarente - Arcahueja"
            },
            "reverted" : false,
            "title" : "Puente Villarente - Arcahueja"
          },
          {
            "distance" : 0,
            "order" : 7500,
            "reference" : {
              "id" : 4278,
              "name" : "Arcahueja - León"
            },
            "reverted" : false,
            "title" : "Arcahueja - León"
          }
        ],
        "name" : "",
        "number" : 18,
        "order" : 1800000
      },
      {
        "is_default" : false,
        "items" : [
          {
            "distance" : 0,
            "order" : 7600,
            "reference" : {
              "id" : 4279,
              "name" : "León - Trobajo del Camino"
            },
            "reverted" : false,
            "title" : "León - Trobajo del Camino"
          },
          {
            "distance" : 0,
            "order" : 7700,
            "reference" : {
              "id" : 4280,
              "name" : "Trobajo del Camino - La Virgen del Camino"
            },
            "reverted" : false,
            "title" : "Trobajo del Camino - La Virgen del Camino"
          },
          {
            "distance" : 0,
            "order" : 7800,
            "reference" : {
              "id" : 4276,
              "name" : "La Virgen del Camino - Valverde de la Virgen"
            },
            "reverted" : false,
            "title" : "La Virgen del Camino - Valverde de la Virgen"
          },
          {
            "distance" : 0,
            "order" : 7900,
            "reference" : {
              "id" : 4266,
              "name" : "Valverde de la Virgen - San Miguel del Camino"
            },
            "reverted" : false,
            "title" : "Valverde de la Virgen - San Miguel del Camino"
          },
          {
            "distance" : 0,
            "order" : 8000,
            "reference" : {
              "id" : 4267,
              "name" : "San Miguel del Camino - Villadangos del Páramo (direct)"
            },
            "reverted" : false,
            "title" : "San Miguel del Camino - Villadangos del Páramo (direct)"
          }
        ],
        "name" : "",
        "number" : 19,
        "order" : 1900000
      },
      {
        "is_default" : false,
        "items" : [
          {
            "distance" : 0,
            "order" : 8100,
            "reference" : {
              "id" : 4268,
              "name" : "Villadangos del Páramo - San Martín del Camino"
            },
            "reverted" : false,
            "title" : "Villadangos del Páramo - San Martín del Camino"
          },
          {
            "distance" : 0,
            "order" : 8200,
            "reference" : {
              "id" : 4270,
              "name" : "San Martín del Camino - Hospital de Órbigo"
            },
            "reverted" : false,
            "title" : "San Martín del Camino - Hospital de Órbigo"
          },
          {
            "distance" : 0,
            "order" : 8300,
            "reference" : {
              "id" : 4273,
              "name" : "Hospital de Órbigo - Villares de Órbigo"
            },
            "reverted" : false,
            "title" : "Hospital de Órbigo - Villares de Órbigo"
          },
          {
            "distance" : 0,
            "order" : 8400,
            "reference" : {
              "id" : 4274,
              "name" : "Villares de Órbigo - Santibáñez de Valdeiglesias"
            },
            "reverted" : false,
            "title" : "Villares de Órbigo - Santibáñez de Valdeiglesias"
          },
          {
            "distance" : 0,
            "order" : 8500,
            "reference" : {
              "id" : 4275,
              "name" : "Santibáñez de Valdeiglesias - San Justo de la Vega"
            },
            "reverted" : false,
            "title" : "Santibáñez de Valdeiglesias - San Justo de la Vega"
          }
        ],
        "name" : "",
        "number" : 20,
        "order" : 2000000
      },
      {
        "is_default" : false,
        "items" : [
          {
            "distance" : 0,
            "order" : 8600,
            "reference" : {
              "id" : 4281,
              "name" : "San Justo de la Vega - Astorga"
            },
            "reverted" : false,
            "title" : "San Justo de la Vega - Astorga"
          },
          {
            "distance" : 0,
            "order" : 8700,
            "reference" : {
              "id" : 4282,
              "name" : "Astorga - Murias de Rechivaldo"
            },
            "reverted" : false,
            "title" : "Astorga - Murias de Rechivaldo"
          },
          {
            "distance" : 0,
            "order" : 8800,
            "reference" : {
              "id" : 4283,
              "name" : "Murias de Rechivaldo - Santa Catalina de Somoza"
            },
            "reverted" : false,
            "title" : "Murias de Rechivaldo - Santa Catalina de Somoza"
          },
          {
            "distance" : 0,
            "order" : 8900,
            "reference" : {
              "id" : 4284,
              "name" : "Santa Catalina de Somoza - El Ganso"
            },
            "reverted" : false,
            "title" : "Santa Catalina de Somoza - El Ganso"
          },
          {
            "distance" : 0,
            "order" : 9000,
            "reference" : {
              "id" : 4285,
              "name" : "El Ganso - Rabanal del Camino"
            },
            "reverted" : false,
            "title" : "El Ganso - Rabanal del Camino"
          }
        ],
        "name" : "",
        "number" : 21,
        "order" : 2100000
      },
      {
        "is_default" : false,
        "items" : [
          {
            "distance" : 0,
            "order" : 9100,
            "reference" : {
              "id" : 4286,
              "name" : "Rabanal del Camino - Foncebadón"
            },
            "reverted" : false,
            "title" : "Rabanal del Camino - Foncebadón"
          },
          {
            "distance" : 0,
            "order" : 9200,
            "reference" : {
              "id" : 4269,
              "name" : "Foncebadón - Manjarin"
            },
            "reverted" : false,
            "title" : "Foncebadón - Manjarin"
          },
          {
            "distance" : 0,
            "order" : 9300,
            "reference" : {
              "id" : 4287,
              "name" : "Manjarin - El Acebo de San Miguel"
            },
            "reverted" : false,
            "title" : "Manjarin - El Acebo de San Miguel"
          },
          {
            "distance" : 0,
            "order" : 9400,
            "reference" : {
              "id" : 4265,
              "name" : "El Acebo de San Miguel - Riego de Ambrós"
            },
            "reverted" : false,
            "title" : "El Acebo de San Miguel - Riego de Ambrós"
          },
          {
            "distance" : 0,
            "order" : 9500,
            "reference" : {
              "id" : 4288,
              "name" : "Riego de Ambrós - Molinaseca"
            },
            "reverted" : false,
            "title" : "Riego de Ambrós - Molinaseca"
          }
        ],
        "name" : "",
        "number" : 22,
        "order" : 2200000
      },
      {
        "is_default" : false,
        "items" : [
          {
            "distance" : 0,
            "order" : 9600,
            "reference" : {
              "id" : 4290,
              "name" : "Molinaseca - Ponferrada"
            },
            "reverted" : false,
            "title" : "Molinaseca - Ponferrada"
          },
          {
            "distance" : 0,
            "order" : 9700,
            "reference" : {
              "id" : 4291,
              "name" : "Ponferrada - Cacabelos"
            },
            "reverted" : false,
            "title" : "Ponferrada - Cacabelos"
          }
        ],
        "name" : "",
        "number" : 23,
        "order" : 2300000
      },
      {
        "is_default" : false,
        "items" : [
          {
            "distance" : 0,
            "order" : 9800,
            "reference" : {
              "id" : 4292,
              "name" : "Cacabelos - Pieros"
            },
            "reverted" : false,
            "title" : "Cacabelos - Pieros"
          },
          {
            "distance" : 0,
            "order" : 9900,
            "reference" : {
              "id" : 4293,
              "name" : "Pieros - Valtuille de Arriba"
            },
            "reverted" : false,
            "title" : "Pieros - Valtuille de Arriba"
          },
          {
            "distance" : 0,
            "order" : 10000,
            "reference" : {
              "id" : 4294,
              "name" : "Valtuille de Arriba - Villafranca del Bierzo"
            },
            "reverted" : false,
            "title" : "Valtuille de Arriba - Villafranca del Bierzo"
          },
          {
            "distance" : 0,
            "order" : 10100,
            "reference" : {
              "id" : 4295,
              "name" : "Villafranca del Bierzo - Pereje"
            },
            "reverted" : false,
            "title" : "Villafranca del Bierzo - Pereje"
          },
          {
            "distance" : 0,
            "order" : 10200,
            "reference" : {
              "id" : 4289,
              "name" : "Pereje - Trabadelo"
            },
            "reverted" : false,
            "title" : "Pereje - Trabadelo"
          },
          {
            "distance" : 0,
            "order" : 10300,
            "reference" : {
              "id" : 4301,
              "name" : "Trabadelo - La Portela de Valcarce"
            },
            "reverted" : false,
            "title" : "Trabadelo - La Portela de Valcarce"
          }
        ],
        "name" : "",
        "number" : 24,
        "order" : 2400000
      },
      {
        "is_default" : false,
        "items" : [
          {
            "distance" : 0,
            "order" : 10400,
            "reference" : {
              "id" : 4305,
              "name" : "La Portela de Valcarce - Ambasmestas"
            },
            "reverted" : false,
            "title" : "La Portela de Valcarce - Ambasmestas"
          },
          {
            "distance" : 0,
            "order" : 10500,
            "reference" : {
              "id" : 4304,
              "name" : "Ambasmestas - Vega de Valcarce"
            },
            "reverted" : false,
            "title" : "Ambasmestas - Vega de Valcarce"
          },
          {
            "distance" : 0,
            "order" : 10600,
            "reference" : {
              "id" : 4302,
              "name" : "Vega de Valcarce - Ruitelán"
            },
            "reverted" : false,
            "title" : "Vega de Valcarce - Ruitelán"
          },
          {
            "distance" : 0,
            "order" : 10700,
            "reference" : {
              "id" : 4307,
              "name" : "Ruitelán - Las Herrerías"
            },
            "reverted" : false,
            "title" : "Ruitelán - Las Herrerías"
          },
          {
            "distance" : 0,
            "order" : 10800,
            "reference" : {
              "id" : 4308,
              "name" : "Las Herrerías - La Faba"
            },
            "reverted" : false,
            "title" : "Las Herrerías - La Faba"
          },
          {
            "distance" : 0,
            "order" : 10900,
            "reference" : {
              "id" : 4309,
              "name" : "La Faba - Laguna de Castilla "
            },
            "reverted" : false,
            "title" : "La Faba - Laguna de Castilla "
          },
          {
            "distance" : 0,
            "order" : 11000,
            "reference" : {
              "id" : 4310,
              "name" : "Laguna de Castilla - O Cebreiro"
            },
            "reverted" : false,
            "title" : "Laguna de Castilla - O Cebreiro"
          },
          {
            "distance" : 0,
            "order" : 11100,
            "reference" : {
              "id" : 4313,
              "name" : "O Cebreiro - Liñares"
            },
            "reverted" : false,
            "title" : "O Cebreiro - Liñares"
          },
          {
            "distance" : 0,
            "order" : 11200,
            "reference" : {
              "id" : 4314,
              "name" : "Liñares - Alto do Poio"
            },
            "reverted" : false,
            "title" : "Liñares - Alto do Poio"
          }
        ],
        "name" : "",
        "number" : 25,
        "order" : 2500000
      },
      {
        "is_default" : false,
        "items" : [
          {
            "distance" : 0,
            "order" : 11300,
            "reference" : {
              "id" : 4300,
              "name" : "Alto do Poio - Fonfría"
            },
            "reverted" : false,
            "title" : "Alto do Poio - Fonfría"
          },
          {
            "distance" : 0,
            "order" : 11400,
            "reference" : {
              "id" : 4315,
              "name" : "Fonfría - Biduedo"
            },
            "reverted" : false,
            "title" : "Fonfría - Biduedo"
          },
          {
            "distance" : 0,
            "order" : 11500,
            "reference" : {
              "id" : 4316,
              "name" : "Biduedo - Triacastela"
            },
            "reverted" : false,
            "title" : "Biduedo - Triacastela"
          },
          {
            "distance" : 0,
            "order" : 11600,
            "reference" : {
              "id" : 4318,
              "name" : "Triacastela - Aguiada"
            },
            "reverted" : false,
            "title" : "Triacastela - Aguiada"
          }
        ],
        "name" : "",
        "number" : 26,
        "order" : 2600000
      },
      {
        "is_default" : false,
        "items" : [
          {
            "distance" : 0,
            "order" : 11700,
            "reference" : {
              "id" : 4322,
              "name" : "Aguiada - Sarria"
            },
            "reverted" : false,
            "title" : "Aguiada - Sarria"
          },
          {
            "distance" : 0,
            "order" : 11800,
            "reference" : {
              "id" : 4325,
              "name" : "Sarria - Barbadelo"
            },
            "reverted" : false,
            "title" : "Sarria - Barbadelo"
          },
          {
            "distance" : 0,
            "order" : 11900,
            "reference" : {
              "id" : 4328,
              "name" : "Barbadelo - Morgade"
            },
            "reverted" : false,
            "title" : "Barbadelo - Morgade"
          },
          {
            "distance" : 0,
            "order" : 12000,
            "reference" : {
              "id" : 4329,
              "name" : "Morgade - Portomarin"
            },
            "reverted" : false,
            "title" : "Morgade - Portomarin"
          }
        ],
        "name" : "",
        "number" : 27,
        "order" : 2700000
      },
      {
        "is_default" : false,
        "items" : [
          {
            "distance" : 0,
            "order" : 12100,
            "reference" : {
              "id" : 4333,
              "name" : "Portomarin - Gonzar"
            },
            "reverted" : false,
            "title" : "Portomarin - Gonzar"
          },
          {
            "distance" : 0,
            "order" : 12200,
            "reference" : {
              "id" : 4334,
              "name" : "Gonzar - Ligonde"
            },
            "reverted" : false,
            "title" : "Gonzar - Ligonde"
          },
          {
            "distance" : 0,
            "order" : 12300,
            "reference" : {
              "id" : 4338,
              "name" : "Ligonde - Palas de Rei"
            },
            "reverted" : false,
            "title" : "Ligonde - Palas de Rei"
          }
        ],
        "name" : "",
        "number" : 28,
        "order" : 2800000
      },
      {
        "is_default" : false,
        "items" : [
          {
            "distance" : 0,
            "order" : 12400,
            "reference" : {
              "id" : 4341,
              "name" : "Palas de Rei - Melide"
            },
            "reverted" : false,
            "title" : "Palas de Rei - Melide"
          },
          {
            "distance" : 0,
            "order" : 12500,
            "reference" : {
              "id" : 4344,
              "name" : "Melide - Boente"
            },
            "reverted" : false,
            "title" : "Melide - Boente"
          }
        ],
        "name" : "",
        "number" : 29,
        "order" : 2900000
      },
      {
        "is_default" : false,
        "items" : [
          {
            "distance" : 0,
            "order" : 12600,
            "reference" : {
              "id" : 4345,
              "name" : "Boente - Castañeda"
            },
            "reverted" : false,
            "title" : "Boente - Castañeda"
          },
          {
            "distance" : 0,
            "order" : 12700,
            "reference" : {
              "id" : 4346,
              "name" : "Castañeda - Ribadiso da Baixo"
            },
            "reverted" : false,
            "title" : "Castañeda - Ribadiso da Baixo"
          },
          {
            "distance" : 0,
            "order" : 12800,
            "reference" : {
              "id" : 4347,
              "name" : "Ribadiso da Baixo - Arzúa"
            },
            "reverted" : false,
            "title" : "Ribadiso da Baixo - Arzúa"
          },
          {
            "distance" : 0,
            "order" : 12900,
            "reference" : {
              "id" : 4348,
              "name" : "Arzúa - Salceda"
            },
            "reverted" : false,
            "title" : "Arzúa - Salceda"
          },
          {
            "distance" : 0,
            "order" : 13000,
            "reference" : {
              "id" : 4349,
              "name" : "Salceda - Santa Irene"
            },
            "reverted" : false,
            "title" : "Salceda - Santa Irene"
          }
        ],
        "name" : "",
        "number" : 30,
        "order" : 3000000
      },
      {
        "is_default" : true,
        "items" : [
          {
            "distance" : 0,
            "order" : 13100,
            "reference" : {
              "id" : 4350,
              "name" : "Santa Irene - Pedrouzo"
            },
            "reverted" : false,
            "title" : "Santa Irene - Pedrouzo"
          },
          {
            "distance" : 0,
            "order" : 13200,
            "reference" : {
              "id" : 4351,
              "name" : "Pedrouzo - Lavacolla"
            },
            "reverted" : false,
            "title" : "Pedrouzo - Lavacolla"
          },
          {
            "distance" : 0,
            "order" : 13300,
            "reference" : {
              "id" : 4352,
              "name" : "Lavacolla - Monte do Gozo"
            },
            "reverted" : false,
            "title" : "Lavacolla - Monte do Gozo"
          },
          {
            "distance" : 0,
            "order" : 13400,
            "reference" : {
              "id" : 4321,
              "name" : "Monte do Gozo - Santiago de Compostela"
            },
            "reverted" : false,
            "title" : "Monte do Gozo - Santiago de Compostela"
          }
        ],
        "name" : "",
        "number" : 31,
        "order" : 3100000
      }
    ],
    "start" : {
      "id" : 3941,
      "name" : "Valcarlos"
    }
  },
  "admin" : {
    "app" : "TrailSmart: Great Trails of the World",
    "app_version" : "3.19 - b128",
    "dataset" : "CaminoFrances",
    "dataset_version" : "25",
    "date" : "2019-04-08T17:27:02Z",
    "parent_dataset" : "Camino"
  },
  "favorites" : [
    {
      "reference" : {
        "id" : 3937,
        "name" : "Saint Jean Pied de Port"
      }
    }
  ],
  "flags" : [
    {
      "flag" : "paperclip",
      "reference" : {
        "id" : 3937,
        "name" : "Saint Jean Pied de Port"
      }
    }
  ],
  "map_config" : {
    "google_mode" : 1,
    "hide_pins" : false,
    "line_width" : 0.5,
    "map_type" : "google",
    "show_offline_sections" : true,
    "show_route" : true,
    "show_section" : false,
    "show_stage" : false
  },
  "notes" : [
    {
      "coordinate" : {
        "latitude" : 43.003523180810369,
        "longitude" : -1.3145291805267334
      },
      "date" : "2019-04-08T17:25:31Z",
      "text" : "Map not"
    },
    {
      "date" : "2019-04-08T17:25:55Z",
      "reference" : {
        "id" : 3937,
        "name" : "Saint Jean Pied de Port"
      },
      "text" : "SJPP note"
    }
  ],
  "ratings" : [
    {
      "reference" : {
        "id" : 4806,
        "name" : "Albergue El Paso"
      },
      "value" : 4
    },
    {
      "reference" : {
        "id" : 3937,
        "name" : "Saint Jean Pied de Port"
      },
      "value" : 5
    }
  ],
  "settings" : {
    "check_updates" : 2,
    "use_metric" : false
  }
}