{
  "description" : "<h2>—Overview—<\/h2>\n<p  class=\"top\"> The <b>Camino de Santiago<\/b> is a collection of ancient pilgrimage trails all leading to the historic city of <b>Santiago de Compostela<\/b> in northwest Spain. <\/p>\n\n<h2>—What's Included in this Dataset—<\/h2>\n<p  class=\"top\">Overall, this is a detailed and in-depth dataset with over 3,000 entries covering well over 1,500 km of trails, with details on communities, albergues and other accommodations, major attractions, walking directions, and more. Under our classification system, we consider this a <i>Level 4 In-Depth Dataset<\/i>. <\/p>\n\n<p>However, because there are so many different Camino routes and because there are so many alternative portions for most routes, we'll likely be adding additional Camino content for a looooooong time to come. Thus, the level of coverage depends on the specific route you are interested in. For the major routes like the <i>Francés<\/i> or the Central route of the <i>Portugués<\/i>, the coverage is in-depth. Other routes might not have any coverage at all (so far...). <\/p>\n\n<p>We currently have good coverage of:<\/p>\n\n<ul>\n\t<li><b>Camino Francés<\/b>: Saint Jean Pied de Port to Santiago.<\/li>\n\n\t<li><b>Camino Portugués<\/b>: Porto to Santiago via the Central route (with coverage of the Coastal route as far as Vila do Conde).<\/li>\n\n\t<li><b>Camino Primitivo<\/b>: Oviedo to Santiago.<\/li>\n\n\t<li><b>Finisterre Extension<\/b>: From Santiago to \"land's end\" at Cape Finisterre (Fisterra).<\/li>\n<\/ul>\n\n<p>Our plan is to steadily add new routes while continuing to expand coverage of our existing ones. If there is a Camino route you'd like us to cover, let us know and we'll try to prioritize it. If you can help us with the content, that would be even better! :-) <\/p>\n",
  "ver_minor" : "22",
  "author" : "The Trekopedia Team",
  "last_updated" : "2017-06-02",
  "data_model" : "24",
  "coverage" : "2013218",
  "app_version" : "3.0",
  "reference_id" : "Camino",
  "type" : "Level 4 (In-Depth)",
  "keywords" : "Camino, Spain, Portugal, France, Santiago, Hike, Bike, Horse, Varying Difficulty, Cultural, Pilgrimage, Signposted",
  "region" : "Europe",
  "ver_major" : "1",
  "trails" : "254",
  "items" : "3068",
  "name" : "Camino de Santiago"
}