{
  "description" : "<p>Tailored to the independent traveller, <b>Valleys, Trails, & Churches of Cappadocia<\/b> includes details on all of the major trails in the core of Cappadocia, centred around the towns \/ villages of Göreme, Çavuşin, Uçhisar, and Ortahisar, though with increasing coverage of more far-flung locations in the region. The content includes trailheads, waypoints, rock-cut churches, walking directions, and more. There's also lots of connector trails linking the valleys and villages.<\/p>\n\n<p>Detailed offline maps are available that will enable you to find your way anywhere in the region. Even better, they'll help you explore on your own, with confidence.<\/p>\n\n<p>Under our classification system, we consider this to be a Level 4 In-Depth Dataset.<\/p>",
  "ver_minor" : "23",
  "author" : "The Trekopedia Team",
  "last_updated" : "2017-04-03",
  "data_model" : "1",
  "coverage" : "117360",
  "app_version" : "3.0",
  "reference_id" : "Cappadocia",
  "type" : "Level 4 (In-Depth)",
  "keywords" : "Hike, Bike, Wilderness, Cultural, Day Trip Options",
  "region" : "Europe, Turkey",
  "ver_major" : "1",
  "trails" : "86",
  "items" : "457",
  "name" : "Cappadocia: Valleys, Trails, & Churches"
}